dataset,method,n_nodes,n_edges,k%,k_frac,delta_L,resolution,budget_B,n_cases,coverage,purity_induced,ocr_b100,edges_per_case_median,edges_per_case_max,e_ind_total,time_s,ram_mb
bitcoin_otc,BTCS_v3,5881,35592,1%,0.01,30,1.0,100,67.0,0.0628683693516699,0.7249190938511327,0.0,2.0,39.0,309.0,0.0201822749950224,1.125
bitcoin_otc,BTCS_v3,5881,35592,5%,0.05,30,1.0,100,183.0,0.2438955936008981,0.7008064516129032,0.0,1.0,100.0,1240.0,0.0939463089889613,1.9296875
bitcoin_otc,BTCS_v3,5881,35592,10%,0.1,30,1.0,100,241.0,0.3707549817569464,0.7258241758241758,0.0,1.0,100.0,1820.0,0.1934265029995003,1.8984375
bitcoin_otc,B0_Random,5881,35592,1%,0.01,30,1.0,100,7.0,0.0474319393769295,0.7379912663755459,0.0,14.0,100.0,229.0,0.0047562120016664,0.125
bitcoin_otc,B0_Random,5881,35592,5%,0.05,30,1.0,100,35.0,0.0968285152960987,0.6160714285714286,0.0,7.0,100.0,560.0,0.0048279629991156,0.0
bitcoin_otc,B0_Random,5881,35592,10%,0.1,30,1.0,100,71.0,0.1254560763401628,0.6278089887640449,0.0,3.0,100.0,712.0,0.0066925630089826,0.0
bitcoin_otc,B1_WCC,5881,35592,1%,0.01,30,1.0,100,36.0,0.077462812236879,0.8679245283018868,0.0,2.0,100.0,318.0,0.0019690610060933,0.0
bitcoin_otc,B1_WCC,5881,35592,5%,0.05,30,1.0,100,69.0,0.054448498456357,0.9150943396226416,0.0,1.0,100.0,212.0,0.0050695899990387,0.0
bitcoin_otc,B1_WCC,5881,35592,10%,0.1,30,1.0,100,69.0,0.0538871737300028,0.9186602870813396,0.0,1.0,100.0,209.0,0.0139589240134228,0.0
bitcoin_otc,B2_Louvain,5881,35592,1%,0.01,30,1.0,100,41.0,0.0808307605950042,0.768,0.0,2.0,100.0,375.0,0.0044845430093118,0.25
bitcoin_otc,B2_Louvain,5881,35592,5%,0.05,30,1.0,100,82.0,0.1902890822340724,0.6692991115498519,0.0,1.0,100.0,1013.0,0.0062418919987976,0.0
bitcoin_otc,B2_Louvain,5881,35592,10%,0.1,30,1.0,100,82.0,0.2104967723828234,0.6297229219143576,0.0,1.0,100.0,1191.0,0.0143701779888942,0.0
bitcoin_otc,B3_Greedy,5881,35592,1%,0.01,30,1.0,100,68.0,0.2054448498456357,0.1260981912144702,0.0,98.5,100.0,5805.0,0.9919069549941923,1.5
bitcoin_otc,B3_Greedy,5881,35592,5%,0.05,30,1.0,100,142.0,0.2786977266348582,0.1256325910931174,0.0,58.5,100.0,7904.0,1.0736925520031946,0.125
bitcoin_otc,B3_Greedy,5881,35592,10%,0.1,30,1.0,100,197.0,0.3174291327532977,0.1259605746742399,0.0,31.0,100.0,8979.0,1.2163663069950417,0.0
bitcoin_alpha,BTCS_v3,3783,24186,1%,0.01,30,1.0,100,73.0,0.1100260416666666,0.6575875486381323,0.0,1.0,39.0,257.0,0.0056219690013676,0.0
bitcoin_alpha,BTCS_v3,3783,24186,5%,0.05,30,1.0,100,138.0,0.3880208333333333,0.5617342130065975,0.0,1.0,100.0,1061.0,0.0373093110101763,0.0
bitcoin_alpha,BTCS_v3,3783,24186,10%,0.1,30,1.0,100,202.0,0.4036458333333333,0.3858120721841941,0.0,0.0,100.0,1607.0,0.0752977130032377,0.0
bitcoin_alpha,B0_Random,3783,24186,1%,0.01,30,1.0,100,4.0,0.0970052083333333,0.6157024793388429,0.0,59.5,100.0,242.0,0.001343721000012,0.0
bitcoin_alpha,B0_Random,3783,24186,5%,0.05,30,1.0,100,24.0,0.1647135416666666,0.5476190476190477,0.0,7.0,100.0,462.0,0.0023330640105996,0.0
bitcoin_alpha,B0_Random,3783,24186,10%,0.1,30,1.0,100,48.0,0.1764322916666666,0.5241779497098646,0.0,2.5,100.0,517.0,0.0049649629945633,0.0
bitcoin_alpha,B1_WCC,3783,24186,1%,0.01,30,1.0,100,28.0,0.095703125,0.9735099337748344,0.0,1.0,100.0,151.0,0.0016072650032583,0.0
bitcoin_alpha,B1_WCC,3783,24186,5%,0.05,30,1.0,100,46.0,0.10546875,0.9204545454545454,0.0,1.0,100.0,176.0,0.0033198649907717,0.0
bitcoin_alpha,B1_WCC,3783,24186,10%,0.1,30,1.0,100,31.0,0.0859375,0.8407643312101911,0.0,1.0,100.0,157.0,0.0072380689962301,0.0
bitcoin_alpha,B2_Louvain,3783,24186,1%,0.01,30,1.0,100,37.0,0.12890625,0.6246056782334385,0.0,2.0,67.0,317.0,0.0023946900037117,0.0
bitcoin_alpha,B2_Louvain,3783,24186,5%,0.05,30,1.0,100,58.0,0.4114583333333333,0.5830258302583026,0.0,1.5,100.0,1084.0,0.0044756679999409,0.0
bitcoin_alpha,B2_Louvain,3783,24186,10%,0.1,30,1.0,100,51.0,0.4069010416666667,0.4464285714285714,0.0,2.0,100.0,1400.0,0.0088696669990895,0.0
bitcoin_alpha,B3_Greedy,3783,24186,1%,0.01,30,1.0,100,57.0,0.208984375,0.0703638754932047,0.0,97.0,100.0,4562.0,0.4371318829944357,0.0
bitcoin_alpha,B3_Greedy,3783,24186,5%,0.05,30,1.0,100,107.0,0.2955729166666667,0.080696765019552,0.0,46.0,100.0,5626.0,0.5092821059952257,0.0
bitcoin_alpha,B3_Greedy,3783,24186,10%,0.1,30,1.0,100,143.0,0.3046875,0.0772404687242119,0.0,18.0,100.0,6059.0,0.5046012660022825,0.125
ibm_aml_txns,BTCS_v3,9999,1323234,1%,0.01,7,1.0,100,2278.0,0.0215241419429901,0.0026971861787432,0.0,0.0,100.0,13718.0,0.4974923499976285,20.25
ibm_aml_txns,BTCS_v3,9999,1323234,5%,0.05,7,1.0,100,2002.0,0.0052356020942408,0.0003042802082628,0.0,0.0,100.0,29578.0,2.4676370170054724,62.9140625
ibm_aml_txns,BTCS_v3,9999,1323234,10%,0.1,7,1.0,100,424.0,0.0040721349621873,0.0004025996434117,0.0,0.0,100.0,17387.0,6.454652398999315,60.9609375
ibm_aml_txns,B0_Random,9999,1323234,1%,0.01,7,1.0,100,264.0,0.0063990692262943,0.0018493611297915,0.0,2.0,100.0,5948.0,0.1931518409983255,-4.0
ibm_aml_txns,B0_Random,9999,1323234,5%,0.05,7,1.0,100,1323.0,0.004653868528214,0.0004376846482109,0.0,0.0,100.0,18278.0,0.3527626599970972,-1.0
ibm_aml_txns,B0_Random,9999,1323234,10%,0.1,7,1.0,100,2646.0,0.0029086678301337,0.0002727173557325,0.0,0.0,100.0,18334.0,0.4722258149995468,-2.0
ibm_aml_txns,B1_WCC,9999,1323234,1%,0.01,7,1.0,100,7.0,0.0,0.0,0.0,5.0,100.0,128.0,0.3474470250075683,-6.078125
ibm_aml_txns,B1_WCC,9999,1323234,5%,0.05,7,1.0,100,2.0,0.0,0.0,0.0,61.0,100.0,122.0,0.5134658180031693,9.94140625
ibm_aml_txns,B1_WCC,9999,1323234,10%,0.1,7,1.0,100,1.0,0.0,0.0,0.0,100.0,100.0,100.0,0.7347484969941434,-6.97265625
ibm_aml_txns,B2_Louvain,9999,1323234,1%,0.01,7,1.0,100,51.0,0.0,0.0,0.0,100.0,100.0,4528.0,0.4182743460114579,-1.0
ibm_aml_txns,B2_Louvain,9999,1323234,5%,0.05,7,1.0,100,17.0,0.0005817335660267,0.000616522811344,0.0,100.0,100.0,1622.0,0.838776203992893,0.0
ibm_aml_txns,B2_Louvain,9999,1323234,10%,0.1,7,1.0,100,23.0,0.0017452006980802,0.0013940520446096,0.0,100.0,100.0,2152.0,1.132114084000932,1.109375
ibm_aml_txns,B3_Greedy,9999,1323234,1%,0.01,7,1.0,100,1732.0,0.2117510180337405,0.0032682672796164,0.0,83.0,100.0,111374.0,9.468668248999164,35.625
ibm_aml_txns,B3_Greedy,9999,1323234,5%,0.05,7,1.0,100,2276.0,0.2158231529959278,0.0026485811172586,0.0,82.0,100.0,140075.0,10.738943589007247,1.25
ibm_aml_txns,B3_Greedy,9999,1323234,10%,0.1,7,1.0,100,2294.0,0.2158231529959278,0.0026412649594555,0.0,82.0,100.0,140463.0,9.31943020799372,1.375
IBM_HI_Small,BTCS_v3,515088,5078345,1%,0.01,30,1.0,100,34265.0,0.0166119374154915,0.0001308464395314,0.0,16.0,100.0,657259.0,2.0062080010102363,-20.29296875
IBM_HI_Small,BTCS_v3,515088,5078345,5%,0.05,30,1.0,100,126732.0,0.0438477882943789,0.0001716716126241,0.0,2.0,100.0,1322292.0,10.832154085990624,135.8046875
IBM_HI_Small,BTCS_v3,515088,5078345,10%,0.1,30,1.0,100,190416.0,0.0436546262314081,0.0001740623928957,0.0,2.0,100.0,1298385.0,28.62980101798894,302.33203125
IBM_HI_Small,B0_Random,515088,5078345,1%,0.01,30,1.0,100,1015.0,0.0086922928336874,0.0004433497536945,0.0,100.0,100.0,101500.0,1.1398300529981498,-324.9296875
IBM_HI_Small,B0_Random,515088,5078345,5%,0.05,30,1.0,100,5078.0,0.0270426888159165,0.0003217274003736,0.0,100.0,100.0,435151.0,1.554742320004152,-0.8671875
IBM_HI_Small,B0_Random,515088,5078345,10%,0.1,30,1.0,100,10156.0,0.025304230249179,0.0002337641016855,0.0,47.0,100.0,560394.0,2.4585079190001125,4.1015625
IBM_HI_Small,B1_WCC,515088,5078345,1%,0.01,30,1.0,100,29671.0,0.0169982615414332,0.0001337939087282,0.0,18.0,100.0,657728.0,1.226914693004801,5.23046875
IBM_HI_Small,B1_WCC,515088,5078345,5%,0.05,30,1.0,100,47759.0,0.0378597643422831,0.0002163754246091,0.0,6.0,100.0,905833.0,4.038656030999846,22.0390625
IBM_HI_Small,B1_WCC,515088,5078345,10%,0.1,30,1.0,100,48654.0,0.028781147382654,0.0003336438385611,0.0,2.0,100.0,446584.0,4.168307309999364,-6.31640625
IBM_HI_Small,B2_Louvain,515088,5078345,1%,0.01,30,1.0,100,29671.0,0.0169982615414332,0.0001337939087282,0.0,18.0,100.0,657728.0,1.3789171099924715,-30.78125
IBM_HI_Small,B2_Louvain,515088,5078345,5%,0.05,30,1.0,100,48193.0,0.0417230056016998,0.0002275557353526,0.0,7.0,100.0,949218.0,4.343078154997784,87.4375
IBM_HI_Small,B2_Louvain,515088,5078345,10%,0.1,30,1.0,100,48913.0,0.0339965230828665,0.0003728244844006,0.0,2.0,100.0,472072.0,7.839204258998507,-11.5078125
IBM_HI_Small,B3_Greedy,515088,5078345,1%,0.01,30,1.0,100,,,,,,,,,
IBM_HI_Small,B3_Greedy,515088,5078345,5%,0.05,30,1.0,100,,,,,,,,,
IBM_HI_Small,B3_Greedy,515088,5078345,10%,0.1,30,1.0,100,,,,,,,,,
IBM_LI_Small,BTCS_v3,705907,6924049,1%,0.01,30,1.0,100,48610.0,0.0123422159887798,4.648715581015491e-05,0.0,17.0,100.0,946498.0,3.1521326639922336,42.6875
IBM_LI_Small,BTCS_v3,705907,6924049,5%,0.05,30,1.0,100,174466.0,0.0403927068723702,7.970535586780866e-05,0.0,2.0,100.0,1806654.0,23.59326449299988,473.8203125
IBM_LI_Small,BTCS_v3,705907,6924049,10%,0.1,30,1.0,100,261181.0,0.0496493688639551,0.0001002907297935,0.0,2.0,100.0,1764869.0,56.18844614700356,338.51171875
IBM_LI_Small,B0_Random,705907,6924049,1%,0.01,30,1.0,100,1384.0,0.0075736325385694,0.0001950867052023,0.0,100.0,100.0,138400.0,2.973551810995559,-437.75390625
IBM_LI_Small,B0_Random,705907,6924049,5%,0.05,30,1.0,100,6924.0,0.0246844319775596,0.0001490807814543,0.0,100.0,100.0,590284.0,3.3154852489969926,-1.96875
IBM_LI_Small,B0_Random,705907,6924049,10%,0.1,30,1.0,100,13848.0,0.0244039270687237,0.0001134657796338,0.0,48.0,100.0,766751.0,4.765741822004202,11.43359375
IBM_LI_Small,B1_WCC,705907,6924049,1%,0.01,30,1.0,100,41700.0,0.0117812061711079,4.4263596037775816e-05,0.0,20.0,100.0,948861.0,2.676710006009671,6.22265625
IBM_LI_Small,B1_WCC,705907,6924049,5%,0.05,30,1.0,100,64915.0,0.0359046283309957,0.0001049454734475,0.0,6.0,100.0,1219681.0,7.013399814008153,69.12109375
IBM_LI_Small,B1_WCC,705907,6924049,10%,0.1,30,1.0,100,66237.0,0.0302945301542777,0.000182426885669,0.0,2.0,100.0,592018.0,10.399417561013252,-28.51953125
IBM_LI_Small,B2_Louvain,705907,6924049,1%,0.01,30,1.0,100,41700.0,0.0117812061711079,4.4263596037775816e-05,0.0,20.0,100.0,948861.0,3.510838675996638,-54.8671875
IBM_LI_Small,B2_Louvain,705907,6924049,5%,0.05,30,1.0,100,65447.0,0.0387096774193548,0.0001084176909388,0.0,6.0,100.0,1272855.0,8.745086019000155,146.4609375
IBM_LI_Small,B2_Louvain,705907,6924049,10%,0.1,30,1.0,100,66600.0,0.0330995792426367,0.0001879357960355,0.0,2.0,100.0,627874.0,15.88032403300167,-18.62109375
IBM_LI_Small,B3_Greedy,705907,6924049,1%,0.01,30,1.0,100,,,,,,,,,
IBM_LI_Small,B3_Greedy,705907,6924049,5%,0.05,30,1.0,100,,,,,,,,,
IBM_LI_Small,B3_Greedy,705907,6924049,10%,0.1,30,1.0,100,,,,,,,,,
paysim,BTCS_v3,9073900,6362620,1%,0.01,24,1.0,100,44807.0,0.2505783513941312,0.032344759300297,0.0,1.0,12.0,63627.0,3.37283470100374,-77.7578125
paysim,BTCS_v3,9073900,6362620,5%,0.05,24,1.0,100,156678.0,0.470108364787532,0.0121365098025656,0.0,1.0,26.0,318131.0,8.145689883996965,163.61328125
paysim,BTCS_v3,9073900,6362620,10%,0.1,24,1.0,100,247350.0,0.5580177766954828,0.0072030075660655,0.0,2.0,37.0,636262.0,17.528163050999865,308.91015625
paysim,B0_Random,9073900,6362620,1%,0.01,24,1.0,100,1272.0,0.2309752830877876,0.0423295771505076,0.0,34.0,50.0,44815.0,2.819913448998705,-398.62890625
paysim,B0_Random,9073900,6362620,5%,0.05,24,1.0,100,6362.0,0.3808596128089614,0.0199591628381827,0.0,22.0,50.0,156720.0,2.1997539829899324,-1.94140625
paysim,B0_Random,9073900,6362620,10%,0.1,24,1.0,100,12725.0,0.4094727870449288,0.0135895260031518,0.0,16.0,50.0,247470.0,3.1094593960006023,0.0
paysim,B1_WCC,9073900,6362620,1%,0.01,24,1.0,100,44807.0,0.2505783513941312,0.032344759300297,0.0,1.0,12.0,63627.0,1.9193115229863904,-47.25
paysim,B1_WCC,9073900,6362620,5%,0.05,24,1.0,100,156678.0,0.470108364787532,0.0121365098025656,0.0,1.0,26.0,318131.0,6.71950578900578,-16.56640625
paysim,B1_WCC,9073900,6362620,10%,0.1,24,1.0,100,247350.0,0.5580177766954828,0.0072030075660655,0.0,2.0,37.0,636262.0,9.3265524150047,237.03125
paysim,B2_Louvain,9073900,6362620,1%,0.01,24,1.0,100,44807.0,0.2505783513941312,0.032344759300297,0.0,1.0,12.0,63627.0,2.4762467669934267,-247.98828125
paysim,B2_Louvain,9073900,6362620,5%,0.05,24,1.0,100,156678.0,0.470108364787532,0.0121365098025656,0.0,1.0,26.0,318131.0,6.527093823999167,43.6328125
paysim,B2_Louvain,9073900,6362620,10%,0.1,24,1.0,100,247350.0,0.5580177766954828,0.0072030075660655,0.0,2.0,37.0,636262.0,10.193862294006976,169.5390625
paysim,B3_Greedy,9073900,6362620,1%,0.01,24,1.0,100,,,,,,,,,
paysim,B3_Greedy,9073900,6362620,5%,0.05,24,1.0,100,,,,,,,,,
paysim,B3_Greedy,9073900,6362620,10%,0.1,24,1.0,100,,,,,,,,,
dgraph_fin,BTCS_v3,3700550,4300999,1%,0.01,30,1.0,100,15594.0,0.0089561123285611,0.6538532429498863,0.0,2.0,71.0,48829.0,3.352099197989446,-250.94921875
dgraph_fin,BTCS_v3,3700550,4300999,5%,0.05,30,1.0,100,85915.0,0.0466056146327396,0.6780462720739178,0.0,2.0,98.0,245029.0,6.613448723990587,73.23046875
dgraph_fin,BTCS_v3,3700550,4300999,10%,0.1,30,1.0,100,200149.0,0.1009689668056916,0.7379584087652,0.0,1.0,100.0,487747.0,11.757531842013124,298.94921875
dgraph_fin,B0_Random,3700550,4300999,1%,0.01,30,1.0,100,860.0,0.0033474265799079,0.6343291516053583,0.0,17.0,64.0,18812.0,0.974791323998943,-267.58203125
dgraph_fin,B0_Random,3700550,4300999,5%,0.05,30,1.0,100,4301.0,0.0205412435045954,0.6814763801511372,0.0,21.0,67.0,107452.0,1.6664346720062897,-0.9765625
dgraph_fin,B0_Random,3700550,4300999,10%,0.1,30,1.0,100,8602.0,0.053425859536561,0.7680649766500246,0.0,26.0,66.0,247966.0,2.4813117180019617,-0.92578125
dgraph_fin,B1_WCC,3700550,4300999,1%,0.01,30,1.0,100,15528.0,0.0089622837343063,0.6535676294902217,0.0,2.0,100.0,48884.0,1.067649345000973,-9.8359375
dgraph_fin,B1_WCC,3700550,4300999,5%,0.05,30,1.0,100,85639.0,0.0466415209934392,0.6779101958274044,0.0,2.0,100.0,245267.0,2.584256996997283,-24.59375
dgraph_fin,B1_WCC,3700550,4300999,10%,0.1,30,1.0,100,199306.0,0.10096503954749,0.7377920539195388,0.0,1.0,100.0,487838.0,6.033529401989654,82.01953125
dgraph_fin,B2_Louvain,3700550,4300999,1%,0.01,30,1.0,100,15528.0,0.0089622837343063,0.6535676294902217,0.0,2.0,100.0,48884.0,1.3391085010080133,-104.734375
dgraph_fin,B2_Louvain,3700550,4300999,5%,0.05,30,1.0,100,85639.0,0.0466415209934392,0.6779101958274044,0.0,2.0,100.0,245267.0,3.17536475599627,0.0078125
dgraph_fin,B2_Louvain,3700550,4300999,10%,0.1,30,1.0,100,199306.0,0.10096503954749,0.7377920539195388,0.0,1.0,100.0,487838.0,10.060271717011346,136.1640625
dgraph_fin,B3_Greedy,3700550,4300999,1%,0.01,30,1.0,100,13907.0,0.2550277320532715,0.8145413820136633,0.0,100.0,100.0,1116125.0,107.0320763149939,1359.3515625
dgraph_fin,B3_Greedy,3700550,4300999,5%,0.05,30,1.0,100,52581.0,0.634458100082248,0.8188618147561626,0.0,45.0,100.0,2762046.0,248.4553561529901,127.69140625
dgraph_fin,B3_Greedy,3700550,4300999,10%,0.1,30,1.0,100,91654.0,0.789079304807974,0.8232086657610079,0.0,17.0,100.0,3417034.0,359.0871189299942,233.03515625
elliptic,BTCS_v3,203769,234355,1%,0.01,2,1.0,100,1118.0,0.2886433394720687,0.988645920941968,0.0,1.0,68.0,2378.0,0.0466059520113049,1.0
elliptic,BTCS_v3,203769,234355,5%,0.05,2,1.0,100,4712.0,0.9425414364640884,0.6774620543593364,0.0,1.0,100.0,11332.0,0.4741388989932602,9.5
elliptic,BTCS_v3,203769,234355,10%,0.1,2,1.0,100,12585.0,0.939963167587477,0.3289648949426373,0.0,1.0,100.0,23273.0,0.4956013629998779,17.46484375
elliptic,B0_Random,203769,234355,1%,0.01,2,1.0,100,46.0,0.1475751995089011,0.9975103734439834,0.0,24.0,50.0,1205.0,0.0258335790131241,-12.72265625
elliptic,B0_Random,203769,234355,5%,0.05,2,1.0,100,234.0,0.2890116635972989,0.42445005409304,0.0,22.0,50.0,5546.0,0.0380930240062298,0.0
elliptic,B0_Random,203769,234355,10%,0.1,2,1.0,100,468.0,0.2772252915899325,0.1643735895755987,0.0,28.0,50.0,13737.0,0.0523675020085647,0.0
elliptic,B1_WCC,203769,234355,1%,0.01,2,1.0,100,1118.0,0.2886433394720687,0.988645920941968,0.0,1.0,68.0,2378.0,0.0311768719984684,-0.97265625
elliptic,B1_WCC,203769,234355,5%,0.05,2,1.0,100,4630.0,0.907182320441989,0.6702648766328012,0.0,1.0,100.0,11024.0,0.0582171369896968,-1.953125
elliptic,B1_WCC,203769,234355,10%,0.1,2,1.0,100,12461.0,0.8882750153468385,0.3178822495606327,0.0,1.0,100.0,22760.0,0.1359435850026784,3.875
elliptic,B2_Louvain,203769,234355,1%,0.01,2,1.0,100,1118.0,0.2886433394720687,0.988645920941968,0.0,1.0,68.0,2378.0,0.0358319039951311,-1.50390625
elliptic,B2_Louvain,203769,234355,5%,0.05,2,1.0,100,4632.0,0.916267648864334,0.6717976415518948,0.0,1.0,100.0,11109.0,0.074810942998738,0.0
elliptic,B2_Louvain,203769,234355,10%,0.1,2,1.0,100,12462.0,0.9005524861878453,0.3208661417322834,0.0,1.0,100.0,22860.0,0.1769121130055282,1.875
elliptic,B3_Greedy,203769,234355,1%,0.01,2,1.0,100,794.0,0.8356046654389195,0.16134844246361,0.0,42.5,100.0,42182.0,3.638307722008904,74.421875
elliptic,B3_Greedy,203769,234355,5%,0.05,2,1.0,100,3333.0,0.9583793738489872,0.0597826503182128,0.0,16.0,100.0,130573.0,9.16981245498755,18.875
elliptic,B3_Greedy,203769,234355,10%,0.1,2,1.0,100,6208.0,0.9583793738489872,0.0452275281875383,0.0,9.0,100.0,172594.0,10.103184444000362,-5.640625
elliptic_plus,BTCS_v3,203769,234355,1%,0.01,2,1.0,100,1118.0,0.2886433394720687,0.988645920941968,0.0,1.0,68.0,2378.0,0.0427195879892678,1.25
elliptic_plus,BTCS_v3,203769,234355,5%,0.05,2,1.0,100,4712.0,0.9425414364640884,0.6774620543593364,0.0,1.0,100.0,11332.0,0.3574456229980569,12.25
elliptic_plus,BTCS_v3,203769,234355,10%,0.1,2,1.0,100,12585.0,0.939963167587477,0.3289648949426373,0.0,1.0,100.0,23273.0,0.4833816610043868,20.9453125
elliptic_plus,B0_Random,203769,234355,1%,0.01,2,1.0,100,46.0,0.1479435236341313,0.9975165562913908,0.0,24.5,50.0,1208.0,0.0258142889942973,-13.4296875
elliptic_plus,B0_Random,203769,234355,5%,0.05,2,1.0,100,234.0,0.2896255371393493,0.424968474148802,0.0,22.0,50.0,5551.0,0.035588713013567,0.0
elliptic_plus,B0_Random,203769,234355,10%,0.1,2,1.0,100,468.0,0.2766114180478821,0.1639976706944242,0.0,28.0,50.0,13738.0,0.0518736569938482,0.0
elliptic_plus,B1_WCC,203769,234355,1%,0.01,2,1.0,100,1118.0,0.2886433394720687,0.988645920941968,0.0,1.0,68.0,2378.0,0.0298522980010602,0.0
elliptic_plus,B1_WCC,203769,234355,5%,0.05,2,1.0,100,4630.0,0.907182320441989,0.6702648766328012,0.0,1.0,100.0,11024.0,0.0561440320016117,-1.98046875
elliptic_plus,B1_WCC,203769,234355,10%,0.1,2,1.0,100,12461.0,0.8882750153468385,0.3178822495606327,0.0,1.0,100.0,22760.0,0.1264680690073873,3.25
elliptic_plus,B2_Louvain,203769,234355,1%,0.01,2,1.0,100,1118.0,0.2886433394720687,0.988645920941968,0.0,1.0,68.0,2378.0,0.0342651699902489,-1.6796875
elliptic_plus,B2_Louvain,203769,234355,5%,0.05,2,1.0,100,4632.0,0.9177409453652547,0.6722122302158273,0.0,1.0,100.0,11120.0,0.0768267640087287,-1.0
elliptic_plus,B2_Louvain,203769,234355,10%,0.1,2,1.0,100,12462.0,0.9005524861878453,0.3208661417322834,0.0,1.0,100.0,22860.0,0.1754418519994942,3.0
elliptic_plus,B3_Greedy,203769,234355,1%,0.01,2,1.0,100,794.0,0.8356046654389195,0.16134844246361,0.0,42.5,100.0,42182.0,4.085650778011768,72.1171875
elliptic_plus,B3_Greedy,203769,234355,5%,0.05,2,1.0,100,3333.0,0.9583793738489872,0.0597826503182128,0.0,16.0,100.0,130573.0,8.90757599301287,5.37890625
elliptic_plus,B3_Greedy,203769,234355,10%,0.1,2,1.0,100,6208.0,0.9583793738489872,0.0452275281875383,0.0,9.0,100.0,172594.0,10.802735036995728,11.22265625
amazon_fraud,BTCS_v3,11944,500000,1%,0.01,5000,1.0,100,1495.0,0.10027392711878476,0.8217687074829932,0.0,0.0,100.0,2940.0,0.2673325749929063,33.25
amazon_fraud,BTCS_v3,11944,500000,5%,0.05,5000,1.0,100,2939.0,0.18971528181289948,0.7696581916147499,0.0,0.0,100.0,5939.0,2.069288928003516,60.7109375
amazon_fraud,BTCS_v3,11944,500000,10%,0.1,5000,1.0,100,5130.0,0.12924379513571843,0.600347021399653,0.0,0.0,100.0,5187.0,2.498360097000841,45.16015625
amazon_fraud,B0_Random,11944,500000,1%,0.01,5000,1.0,100,100.0,0.03419938573918818,0.39864537977745523,0.0,12.0,100.0,2067.0,0.05285643300157972,-2.0
amazon_fraud,B0_Random,11944,500000,5%,0.05,5000,1.0,100,500.0,0.036233087075620486,0.3431603773584906,0.0,1.0,100.0,2544.0,0.0756831280014012,0.0
amazon_fraud,B0_Random,11944,500000,10%,0.1,5000,1.0,100,1000.0,0.03208267618494231,0.18252656434474615,0.0,0.0,100.0,4235.0,0.11039560299832374,-0.53515625
amazon_fraud,B1_WCC,11944,500000,1%,0.01,5000,1.0,100,115.0,0.014567942226280401,0.9460916442048517,0.0,2.0,100.0,371.0,0.0750975099945208,-3.0
amazon_fraud,B1_WCC,11944,500000,5%,0.05,5000,1.0,100,30.0,0.004814476633186685,0.8592592592592593,0.0,1.0,100.0,135.0,0.14272293799149338,-2.98828125
amazon_fraud,B1_WCC,11944,500000,10%,0.1,5000,1.0,100,31.0,0.004316427326305304,0.7938931297709924,0.0,1.0,100.0,131.0,0.19858233699051198,-0.99609375
amazon_fraud,B2_Louvain,11944,500000,1%,0.01,5000,1.0,100,150.0,0.0933427409313522,0.6331644144144144,0.0,2.0,100.0,3552.0,0.06334485398838297,-0.73828125
amazon_fraud,B2_Louvain,11944,500000,5%,0.05,5000,1.0,100,50.0,0.06271270855814726,0.7161137440758294,0.0,2.0,100.0,2110.0,0.12370994899538346,0.0
amazon_fraud,B2_Louvain,11944,500000,10%,0.1,5000,1.0,100,74.0,0.04565451979745995,0.6057268722466961,0.0,2.0,100.0,1816.0,0.23422863500309177,0.0
amazon_fraud,B3_Greedy,11944,500000,1%,0.01,5000,1.0,100,354.0,0.10757865028637835,0.1158953722334004,0.0,99.0,100.0,22365.0,13.641028879996156,39.0
amazon_fraud,B3_Greedy,11944,500000,5%,0.05,5000,1.0,100,485.0,0.11351373786004815,0.1209641751437417,0.0,8.0,100.0,22610.0,14.088826716004405,0.875
amazon_fraud,B3_Greedy,11944,500000,10%,0.1,5000,1.0,100,597.0,0.11351373786004815,0.11989303875153429,0.0,3.0,100.0,22812.0,14.715923591997125,0.0
yelp_fraud,BTCS_v3,45954,500000,1%,0.01,5000,1.0,100,2649.0,0.04108122680706651,0.9382470119521913,0.0,1.0,80.0,5522.0,0.10503486399829853,-9.0
yelp_fraud,BTCS_v3,45954,500000,5%,0.05,5000,1.0,100,3532.0,0.15860794823813,0.7959175553079739,0.0,4.0,100.0,25132.0,0.5786631369992392,-13.9921875
yelp_fraud,BTCS_v3,45954,500000,10%,0.1,5000,1.0,100,2852.0,0.2361476735703638,0.7491761628053228,0.0,6.0,100.0,39753.0,1.4272158819949254,-2.9765625
yelp_fraud,B0_Random,45954,500000,1%,0.01,5000,1.0,100,100.0,0.02395413746075042,0.9748305905130688,0.0,29.0,57.0,3099.0,0.052147249996778555,-1.99609375
yelp_fraud,B0_Random,45954,500000,5%,0.05,5000,1.0,100,500.0,0.03807605696343049,0.96271050521251,0.0,4.0,62.0,4988.0,0.07595860800938681,-0.99609375
yelp_fraud,B0_Random,45954,500000,10%,0.1,5000,1.0,100,1000.0,0.03965396936154017,0.9554833779136416,0.0,1.0,56.0,5234.0,0.12650741600373294,0.0
yelp_fraud,B1_WCC,45954,500000,1%,0.01,5000,1.0,100,2537.0,0.04132703225601827,0.9414739884393064,0.0,1.0,100.0,5536.0,0.0668938760063611,0.0
yelp_fraud,B1_WCC,45954,500000,5%,0.05,5000,1.0,100,1211.0,0.08051317834374702,0.9593726379440665,0.0,2.0,100.0,10584.0,0.14620494599512313,-1.0
yelp_fraud,B1_WCC,45954,500000,10%,0.1,5000,1.0,100,561.0,0.04749595610390434,0.9527596627962462,0.0,2.0,100.0,6287.0,0.20935128099517897,0.0
yelp_fraud,B2_Louvain,45954,500000,1%,0.01,5000,1.0,100,2539.0,0.04291287386215865,0.9435146443514645,0.0,1.0,100.0,5736.0,0.07021950499620289,0.0
yelp_fraud,B2_Louvain,45954,500000,5%,0.05,5000,1.0,100,1219.0,0.08685654476830854,0.9622276879831342,0.0,2.0,100.0,11384.0,0.15305303600325715,0.0
yelp_fraud,B2_Louvain,45954,500000,10%,0.1,5000,1.0,100,599.0,0.07762694662057154,0.9705561613958561,0.0,2.0,100.0,10087.0,0.2784329670103034,0.0
yelp_fraud,B3_Greedy,45954,500000,1%,0.01,5000,1.0,100,1394.0,0.2817485489549304,0.2773199094669476,0.0,98.0,100.0,128130.0,9.473739344000933,54.375
yelp_fraud,B3_Greedy,45954,500000,5%,0.05,5000,1.0,100,1755.0,0.29127152779980336,0.27694720255731725,0.0,97.0,100.0,132639.0,9.61637606099248,7.0
yelp_fraud,B3_Greedy,45954,500000,10%,0.1,5000,1.0,100,1962.0,0.2935868565447683,0.2778561565708111,0.0,97.0,100.0,133256.0,9.153849370995886,0.625
t_finance,BTCS_v3,39357,2000000,1%,0.01,100000,1.0,100,1157.0,0.05990653215458687,0.6509337426451778,0.0,0.0,100.0,7818.0,1.109103494003648,137.6640625
t_finance,BTCS_v3,39357,2000000,5%,0.05,100000,1.0,100,2236.0,0.05265512248525586,0.617817679558011,0.0,0.0,100.0,7240.0,18.823243687991635,298.125
t_finance,BTCS_v3,39357,2000000,10%,0.1,100000,1.0,100,4755.0,0.029641314200284877,0.4299863387978142,0.0,0.0,100.0,5856.0,28.325462175009307,17.6484375
t_finance,B0_Random,39357,2000000,1%,0.01,100000,1.0,100,400.0,0.019811887132279368,0.4770408163265306,0.0,4.0,100.0,3528.0,0.25559222500305623,0.0
t_finance,B0_Random,39357,2000000,5%,0.05,100000,1.0,100,2000.0,0.019411646988192914,0.2452409280190363,0.0,1.0,100.0,6724.0,0.4784338870085776,0.0
t_finance,B0_Random,39357,2000000,10%,0.1,100000,1.0,100,4000.0,0.015891888074020883,0.11448439620081412,0.0,0.0,100.0,11792.0,0.5375618800026132,0.0
t_finance,B1_WCC,39357,2000000,1%,0.01,100000,1.0,100,81.0,0.003001801080648389,0.9883720930232558,0.0,1.0,100.0,258.0,0.381025597002008,-1.1015625
t_finance,B1_WCC,39357,2000000,5%,0.05,100000,1.0,100,551.0,0.0020718313340945746,0.22082810539523212,0.0,1.0,100.0,797.0,0.6780934660055209,-14.97265625
t_finance,B1_WCC,39357,2000000,10%,0.1,100000,1.0,100,477.0,0.0017304500347267184,0.2055944055944056,0.0,1.0,100.0,715.0,0.866655873003765,0.2421875
t_finance,B2_Louvain,39357,2000000,1%,0.01,100000,1.0,100,105.0,0.02462654063026051,0.9640552995391705,0.0,2.0,100.0,2170.0,0.30076758199720643,0.0
t_finance,B2_Louvain,39357,2000000,5%,0.05,100000,1.0,100,697.0,0.010512189666741221,0.47474747474747475,0.0,1.0,100.0,1881.0,0.7096917609887896,-0.2421875
t_finance,B2_Louvain,39357,2000000,10%,0.1,100000,1.0,100,920.0,0.011406844106463879,0.26489885183160194,0.0,1.0,100.0,3658.0,0.9155541520012775,1.31640625
t_finance,B3_Greedy,39357,2000000,1%,0.01,100000,1.0,100,750.0,0.07684610766459876,0.10993230271799535,0.0,99.0,100.0,59382.0,51.002970771995024,147.25
t_finance,B3_Greedy,39357,2000000,5%,0.05,100000,1.0,100,1188.0,0.08077787849180096,0.11240335473725593,0.0,39.0,100.0,61048.0,53.82800568899256,0.25
t_finance,B3_Greedy,39357,2000000,10%,0.1,100000,1.0,100,1823.0,0.08077787849180096,0.10975161140700222,0.0,4.0,100.0,62523.0,52.85093469299318,0.0
